-- MySQL dump 10.13  Distrib 5.5.38, for debian-linux-gnu (x86_64)
--
-- Host: localhost    Database: jumbashop
-- ------------------------------------------------------
-- Server version	5.5.38-0ubuntu0.12.04.1

/*!40101 SET @OLD_CHARACTER_SET_CLIENT=@@CHARACTER_SET_CLIENT */;
/*!40101 SET @OLD_CHARACTER_SET_RESULTS=@@CHARACTER_SET_RESULTS */;
/*!40101 SET @OLD_COLLATION_CONNECTION=@@COLLATION_CONNECTION */;
/*!40101 SET NAMES utf8 */;
/*!40103 SET @OLD_TIME_ZONE=@@TIME_ZONE */;
/*!40103 SET TIME_ZONE='+00:00' */;
/*!40014 SET @OLD_UNIQUE_CHECKS=@@UNIQUE_CHECKS, UNIQUE_CHECKS=0 */;
/*!40014 SET @OLD_FOREIGN_KEY_CHECKS=@@FOREIGN_KEY_CHECKS, FOREIGN_KEY_CHECKS=0 */;
/*!40101 SET @OLD_SQL_MODE=@@SQL_MODE, SQL_MODE='NO_AUTO_VALUE_ON_ZERO' */;
/*!40111 SET @OLD_SQL_NOTES=@@SQL_NOTES, SQL_NOTES=0 */;

--
-- Table structure for table `js_categories`
--

DROP TABLE IF EXISTS `js_categories`;
/*!40101 SET @saved_cs_client     = @@character_set_client */;
/*!40101 SET character_set_client = utf8 */;
CREATE TABLE `js_categories` (
  `id` int(11) NOT NULL AUTO_INCREMENT,
  `title` varchar(255) NOT NULL,
  `description` text NOT NULL,
  `parent_id` int(11) NOT NULL,
  PRIMARY KEY (`id`)
) ENGINE=InnoDB AUTO_INCREMENT=2 DEFAULT CHARSET=utf8;
/*!40101 SET character_set_client = @saved_cs_client */;

--
-- Dumping data for table `js_categories`
--

LOCK TABLES `js_categories` WRITE;
/*!40000 ALTER TABLE `js_categories` DISABLE KEYS */;
INSERT INTO `js_categories` VALUES (1,'Основна','Основна категорія товарів, в яку потрапили всі товари, що у нас в асортименті. Еге ж, у нас є все те, що ви шукали, і не тільки!',0);
/*!40000 ALTER TABLE `js_categories` ENABLE KEYS */;
UNLOCK TABLES;

--
-- Table structure for table `js_images`
--

DROP TABLE IF EXISTS `js_images`;
/*!40101 SET @saved_cs_client     = @@character_set_client */;
/*!40101 SET character_set_client = utf8 */;
CREATE TABLE `js_images` (
  `id` int(11) NOT NULL AUTO_INCREMENT,
  `title` varchar(255) NOT NULL,
  `link` text NOT NULL,
  `product` int(11) NOT NULL,
  PRIMARY KEY (`id`)
) ENGINE=InnoDB AUTO_INCREMENT=121 DEFAULT CHARSET=utf8;
/*!40101 SET character_set_client = @saved_cs_client */;

--
-- Dumping data for table `js_images`
--

LOCK TABLES `js_images` WRITE;
/*!40000 ALTER TABLE `js_images` DISABLE KEYS */;
INSERT INTO `js_images` VALUES (1,'Asus Transformer Book T100TA 64GB','http://i1.rozetka.ua/goods/11335/asus_transformer_book_t100ta-dk003h_11335650.jpg',1),(2,'Asus Transformer Book T100TA 64GB','http://i1.rozetka.ua/goods/11335/asus_transformer_book_t100ta-dk003h_11335780.jpg',1),(3,'Apple iPhone 4s 8GB White','http://i1.rozetka.ua/goods/11336/asus_transformer_book_t100ta-dk003h_11336170.jpg',16),(4,'Ноутбук Asus Transformer Book T100TA 64GB (T100TA-DK003H)','http://i1.rozetka.ua/goods/11336/asus_transformer_book_t100ta-dk003h_11336170.jpg',1),(5,'Ноутбук Asus Transformer Book T100TA 64GB+500GB (T100TA-DK007H)','http://i1.rozetka.ua/goods/87872/record_87872409.jpg',2),(6,'Ноутбук Asus Transformer Book T100TA 64GB+500GB (T100TA-DK007H)','http://i1.rozetka.ua/goods/87872/record_87872604.jpg',2),(7,'Ноутбук Asus Transformer Book T100TA 64GB+500GB (T100TA-DK007H)','http://i2.rozetka.ua/goods/87872/record_87872799.jpg',2),(8,'Ноутбук Asus Transformer Book T100TA 64GB+500GB (T100TA-DK007H)','http://i2.rozetka.ua/goods/87872/record_87872929.jpg',2),(9,'Ноутбук Asus ZenBook UX32LA (UX32LA-R3004H) Aluminium','http://i2.rozetka.ua/goods/188423/record_188423247.jpg',3),(10,'Ноутбук Asus ZenBook UX32LA (UX32LA-R3004H) Aluminium','http://i1.rozetka.ua/goods/188423/record_188423312.jpg',3),(11,'Ноутбук Asus ZenBook UX32LA (UX32LA-R3004H) Aluminium','http://i2.rozetka.ua/goods/188423/record_188423377.jpg',3),(12,'Ноутбук Asus ZenBook UX32LA (UX32LA-R3004H) Aluminium','http://i2.rozetka.ua/goods/188423/record_188423442.jpg',3),(13,'Ноутбук Asus ZenBook UX32LN (UX32LN-R4026H) Aluminium','http://i2.rozetka.ua/goods/163178/record_163178072.jpg',4),(14,'Ноутбук Asus ZenBook UX32LN (UX32LN-R4026H) Aluminium','http://i1.rozetka.ua/goods/87872/record_87872604.jpg',4),(15,'Ноутбук Asus ZenBook UX32LN (UX32LN-R4026H) Aluminium','http://i2.rozetka.ua/goods/188423/record_188423377.jpg',4),(16,'Ноутбук Asus K551LA (K551LA-XX149D) Silver','http://i2.rozetka.ua/goods/41106/record_41106490.jpg',5),(17,'Ноутбук Asus K551LA (K551LA-XX149D) Silver','http://i1.rozetka.ua/goods/41106/record_41106555.jpg',5),(18,'Ноутбук Asus K551LA (K551LA-XX149D) Silver','http://i2.rozetka.ua/goods/41106/record_41106620.jpg',5),(19,'Ноутбук Asus K551LA (K551LA-XX149D) Silver','http://i2.rozetka.ua/goods/41106/record_41106685.jpg',5),(20,'Ноутбук Asus PU401LA (PU401LA-WO091H)','http://i2.rozetka.ua/goods/113128/record_113128065.jpg',6),(21,'Ноутбук Asus PU401LA (PU401LA-WO091H)','http://i1.rozetka.ua/goods/113128/record_113128130.jpg',6),(22,'Ноутбук Asus PU401LA (PU401LA-WO091H)','http://i1.rozetka.ua/goods/113128/record_113128195.jpg',6),(23,'Ноутбук Asus PU401LA (PU401LA-WO091H)','http://i1.rozetka.ua/goods/116685/record_116685975.jpg',6),(24,'Ноутбук Apple MacBook Air 11\" (Z0NY002Y5)','http://i2.rozetka.ua/goods/116038/record_116038950.jpg',7),(25,'Ноутбук Apple MacBook Air 11\" (Z0NY002Y5)','http://i1.rozetka.ua/goods/116039/record_116039015.jpg',7),(26,'Ноутбук Apple MacBook Air 11\" (Z0NY002Y5)','http://i1.rozetka.ua/goods/116039/record_116039080.jpg',7),(27,'Ноутбук Apple MacBook Air 11\" (Z0NY002Y5)','http://i1.rozetka.ua/goods/116039/record_116039145.png',7),(28,'Ноутбук Apple MacBook Air 13\" (Z0NZ002H6)','http://i1.rozetka.ua/goods/87440/record_87440144.jpg',8),(29,'Ноутбук Apple MacBook Air 13\" (Z0NZ002H6)','http://i1.rozetka.ua/goods/87440/record_87440209.jpg',8),(30,'Ноутбук Apple MacBook Air 13\" (Z0NZ002H6)','http://i2.rozetka.ua/goods/87440/record_87440274.jpg',8),(31,'Ноутбук Apple MacBook Air 13\" (Z0NZ002H6)','http://i1.rozetka.ua/goods/87440/record_87440339.jpg',8),(32,'Ноутбук Apple MacBook Pro Retina 13\" (MGX92UA/A)','http://i1.rozetka.ua/goods/87440/record_87440144.jpg',9),(33,'Ноутбук Apple MacBook Pro Retina 13\" (MGX92UA/A)','http://i2.rozetka.ua/goods/87440/record_87440404.jpg',9),(34,'Ноутбук Apple MacBook Pro Retina 13\" (MGX92UA/A)','http://i1.rozetka.ua/goods/87440/record_87440469.png',9),(35,'Ноутбук Apple MacBook Pro Retina 13\" (MGX92UA/A)','http://i1.rozetka.ua/goods/87440/record_87440339.jpg',9),(36,'Ноутбук Apple MacBook Pro Retina 15\" (MGXC2UA/A)','http://i2.rozetka.ua/goods/141107/record_141107680.jpg',10),(37,'Ноутбук Apple MacBook Pro Retina 15\" (MGXC2UA/A)','http://i1.rozetka.ua/goods/141107/record_141107745.jpg',10),(38,'Ноутбук Apple MacBook Pro Retina 15\" (MGXC2UA/A)','http://i1.rozetka.ua/goods/141107/record_141107810.jpg',10),(39,'Ноутбук Apple MacBook Pro Retina 15\" (MGXC2UA/A)','http://i2.rozetka.ua/goods/141107/record_141107940.jpg',10),(40,'Ноутбук Dell Inspiron 3531 (I35C45NIW-24)','http://i2.rozetka.ua/goods/182191/record_182191852.jpg',11),(41,'Ноутбук Dell Inspiron 3531 (I35C45NIW-24)','http://i1.rozetka.ua/goods/182192/record_182192047.jpg',11),(42,'Ноутбук Dell Inspiron 3531 (I35C45NIW-24)','http://i2.rozetka.ua/goods/182192/record_182192112.jpg',11),(43,'Ноутбук Dell Inspiron 3531 (I35C45NIW-24)','http://i2.rozetka.ua/goods/182191/record_182191852.jpg',12),(44,'Ноутбук Dell Inspiron 3531 (I35C45NIW-24)','http://i1.rozetka.ua/goods/182192/record_182192047.jpg',12),(45,'Ноутбук Dell Inspiron 3531 (I35C45NIW-24)','http://i2.rozetka.ua/goods/182192/record_182192112.jpg',12),(46,'Apple iPhone 5c 16GB Yellow','http://i1.rozetka.ua/goods/108436/record_108436764.jpg',13),(47,'Apple iPhone 5c 16GB Yellow','http://i1.rozetka.ua/goods/108436/record_108436829.jpg',13),(48,'Apple iPhone 5c 16GB Yellow','http://i1.rozetka.ua/goods/108436/record_108436764.jpg',14),(49,'Apple iPhone 5c 16GB Yellow','http://i1.rozetka.ua/goods/108436/record_108436829.jpg',14),(50,'Apple iPhone 5s 32GB Gold','http://i1.rozetka.ua/goods/10765/apple_iphone_5s_32gb_gold_10765440.jpg',15),(51,'Apple iPhone 5s 32GB Gold','http://i1.rozetka.ua/goods/10765/apple_iphone_5s_32gb_gold_10765505.jpg',15),(52,'Apple iPhone 5s 32GB Gold','http://i1.rozetka.ua/goods/10765/apple_iphone_5s_32gb_gold_10765570.jpg',15),(53,'Apple iPhone 4s 8GB White','http://i1.rozetka.ua/goods/123028/record_123028780.jpg',16),(54,'Apple iPhone 4s 8GB White','http://i1.rozetka.ua/goods/123028/record_123028845.jpg',16),(55,'Apple iPhone 4s 8GB White','http://i1.rozetka.ua/goods/123048/record_123048345.jpg',16),(56,'Apple iPhone 4s 8GB White','http://i2.rozetka.ua/goods/124264/record_124264575.jpg',16),(57,'Apple iPhone 7 128GB White','http://i2.rozetka.ua/goods/8864/record_8864861.jpg',17),(58,'Apple iPhone 7 128GB White','http://i1.rozetka.ua/goods/8864/record_8864835.jpg',17),(59,'Apple iPhone 7 128GB White','http://i2.rozetka.ua/goods/8864/record_8864848.jpg',17),(60,'Apple iPhone 6 16GB Space Gray','http://i1.rozetka.ua/goods/164408/record_164408022.jpg',18),(61,'Apple iPhone 6 16GB Space Gray','http://i1.rozetka.ua/goods/164408/record_164408087.jpg',18),(62,'Apple iPhone 6 16GB Space Gray','http://i2.rozetka.ua/goods/164415/record_164415562.jpg',18),(63,'Apple iPhone 6 16GB Space Gray','http://i1.rozetka.ua/goods/164408/record_164408152.jpg',18),(64,'HTC One M8 Dual Sim Metal Grey','http://i2.rozetka.ua/goods/116668/record_116668165.jpg',19),(65,'HTC One mini 2 Grey','http://i2.rozetka.ua/goods/112237/record_112237150.jpg',20),(66,'HTC One mini 2 Grey','http://i1.rozetka.ua/goods/112239/record_112239035.jpg',20),(67,'HTC One mini 2 Grey','http://i1.rozetka.ua/goods/112237/record_112237410.jpg',20),(68,'HTC One mini 2 Grey','http://i2.rozetka.ua/goods/112237/record_112237345.jpg',20),(69,'Huawei Ascend G630-U10 DualSim White','http://i2.rozetka.ua/goods/112220/record_112220575.jpg',21),(70,'Huawei Ascend G630-U10 DualSim White','http://i1.rozetka.ua/goods/112220/record_112220640.jpg',21),(71,'Huawei Ascend G630-U10 DualSim White','http://i1.rozetka.ua/goods/112220/record_112220705.jpg',21),(72,'Huawei Ascend G630-U10 DualSim White','http://i2.rozetka.ua/goods/112220/record_112220900.jpg',21),(73,'Huawei Ascend G730-U10 DualSim Black','http://i2.rozetka.ua/goods/112227/record_112227225.jpg',22),(74,'Huawei Ascend G730-U10 DualSim Black','http://i1.rozetka.ua/goods/112227/record_112227270.jpg',22),(75,'Huawei Ascend G730-U10 DualSim Black','http://i1.rozetka.ua/goods/112227/record_112227335.jpg',22),(76,'Huawei Ascend G730-U10 DualSim Black','http://i1.rozetka.ua/goods/112227/record_112227400.jpg',22),(77,'Huawei Honor 3C H30-U10','http://i2.rozetka.ua/goods/143844/record_143844285.jpg',23),(78,'Huawei Honor 3C H30-U10','http://i2.rozetka.ua/goods/143845/record_143845130.jpg',23),(79,'Huawei Honor 3C H30-U10','http://i2.rozetka.ua/goods/143845/record_143845195.jpg',23),(80,'Huawei Ascend P7 Black','http://i1.rozetka.ua/goods/112259/record_112259640.jpg',24),(81,'Huawei Ascend P7 Black','http://i1.rozetka.ua/goods/112259/record_112259705.jpg',24),(82,'Huawei Ascend P7 Black','http://i1.rozetka.ua/goods/112259/record_112259770.jpg',24),(83,'Huawei Ascend P7 Black','http://i2.rozetka.ua/goods/112259/record_112259835.jpg',24),(84,'Huawei Ascend Y511-U30 DualSim White','http://i2.rozetka.ua/goods/11553/huawei_ascend_y511_u30_dualsim_white_11553225.jpg',25),(85,'Huawei Ascend Y511-U30 DualSim White','http://i2.rozetka.ua/goods/11553/huawei_ascend_y511_u30_dualsim_white_11553095.jpg',25),(86,'Huawei Ascend Y511-U30 DualSim White','http://i1.rozetka.ua/goods/11552/huawei_ascend_y511_u30_dualsim_white_11552965.jpg',25),(87,'Huawei Ascend Y511-U30 DualSim White','http://i2.rozetka.ua/goods/11552/huawei_ascend_y511_u30_dualsim_white_11552835.jpg',25),(88,'Huawei Ascend Y511-U30 DualSim White','http://i2.rozetka.ua/goods/11553/huawei_ascend_y511_u30_dualsim_white_11553225.jpg',26),(89,'Huawei Ascend Y511-U30 DualSim White','http://i2.rozetka.ua/goods/11553/huawei_ascend_y511_u30_dualsim_white_11553095.jpg',26),(90,'Huawei Ascend Y511-U30 DualSim White','http://i1.rozetka.ua/goods/11552/huawei_ascend_y511_u30_dualsim_white_11552965.jpg',26),(91,'Huawei Ascend Y511-U30 DualSim White','http://i2.rozetka.ua/goods/11552/huawei_ascend_y511_u30_dualsim_white_11552835.jpg',26),(92,'Lenovo A328 White','http://i1.rozetka.ua/goods/172443/record_172443767.jpg',27),(93,'Lenovo A328 White','http://i1.rozetka.ua/goods/172443/record_172443572.jpg',27),(94,'Lenovo A328 White','http://i2.rozetka.ua/goods/172443/record_172443637.jpg',27),(95,'Lenovo A328 White','http://i2.rozetka.ua/goods/172443/record_172443702.jpg',27),(96,'Lenovo A328 White','http://i2.rozetka.ua/goods/172443/record_172443702.jpg',28),(97,'Lenovo A328 White','http://i2.rozetka.ua/goods/172443/record_172443637.jpg',28),(98,'Lenovo A328 White','http://i1.rozetka.ua/goods/172443/record_172443572.jpg',28),(99,'Lenovo A328 White','http://i1.rozetka.ua/goods/172443/record_172443767.jpg',28),(100,'Lenovo A680 Black ','http://i1.rozetka.ua/goods/49616/record_49616055.jpg',29),(101,'Lenovo A680 Black ','http://i1.rozetka.ua/goods/49616/record_49616120.jpg',29),(102,'Lenovo A680 Black ','http://i1.rozetka.ua/goods/49616/record_49616185.jpg',29),(103,'Lenovo A680 Black ','http://i2.rozetka.ua/goods/49616/record_49616250.jpg',29),(104,'Lenovo Vibe Z (K910) Titanium','http://i1.rozetka.ua/goods/125882/record_125882230.jpg',30),(105,'Lenovo Vibe Z (K910) Titanium','http://i1.rozetka.ua/goods/125882/record_125882295.jpg',30),(106,'Lenovo Vibe Z (K910) Titanium','http://i2.rozetka.ua/goods/125882/record_125882360.jpg',30),(107,'Lenovo Vibe Z (K910) Titanium','http://i2.rozetka.ua/goods/125882/record_125882425.jpg',30),(108,' Lenovo S660 Titanium','http://i2.rozetka.ua/goods/91020/record_91020399.jpg',31),(109,' Lenovo S660 Titanium','http://i2.rozetka.ua/goods/91020/record_91020464.jpg',31),(110,' Lenovo S660 Titanium','http://i1.rozetka.ua/goods/91020/record_91020529.jpg',31),(111,' Lenovo S660 Titanium','http://i1.rozetka.ua/goods/91020/record_91020594.jpg',31),(112,'MyPhone 1045 Black','http://i2.rozetka.ua/goods/66530/record_66530584.jpg',32),(113,'MyPhone 1045 Black','http://i1.rozetka.ua/goods/66530/record_66530649.jpg',32),(114,'MyPhone 1045 Black','http://i1.rozetka.ua/goods/66530/record_66530779.jpg',32),(115,'MyPhone 1045 Black','http://i1.rozetka.ua/goods/66530/record_66530844.jpg',32),(116,'MyPhone 1082 Elegant Black','http://i2.rozetka.ua/goods/66533/record_66533119.jpg',33),(117,'LG G2 32GB White','http://i2.rozetka.ua/goods/12291/record_12291435.jpg',34),(118,'LG G2 32GB White','http://i2.rozetka.ua/goods/12291/record_12291500.jpg',34),(119,'LG G2 32GB White','http://i1.rozetka.ua/goods/12291/record_12291565.jpg',34),(120,'LG G2 32GB White','http://i1.rozetka.ua/goods/12291/record_12291630.jpg',34);
/*!40000 ALTER TABLE `js_images` ENABLE KEYS */;
UNLOCK TABLES;

--
-- Table structure for table `js_products`
--

DROP TABLE IF EXISTS `js_products`;
/*!40101 SET @saved_cs_client     = @@character_set_client */;
/*!40101 SET character_set_client = utf8 */;
CREATE TABLE `js_products` (
  `id` int(11) NOT NULL AUTO_INCREMENT,
  `title` varchar(255) NOT NULL,
  `description` text NOT NULL,
  `price` int(11) NOT NULL,
  `views` int(11) NOT NULL DEFAULT '0',
  `in_cart` int(11) NOT NULL DEFAULT '0',
  `bought` int(11) NOT NULL DEFAULT '0',
  `cat_id` int(11) NOT NULL,
  PRIMARY KEY (`id`)
) ENGINE=InnoDB AUTO_INCREMENT=35 DEFAULT CHARSET=utf8;
/*!40101 SET character_set_client = @saved_cs_client */;

--
-- Dumping data for table `js_products`
--

LOCK TABLES `js_products` WRITE;
/*!40000 ALTER TABLE `js_products` DISABLE KEYS */;
INSERT INTO `js_products` VALUES (1,'Ноутбук Asus Transformer Book T100TA 64GB (T100TA-DK003H)','Экран 10.1\" IPS (1366x768) HD LED, глянцевый Multi-Touch / Intel Atom Z3740 (1.33 ГГц) / RAM 2 ГБ / 64 ГБ встроенной памяти / Intel HD Graphics / без ОД / Bluetooth 4.0 / Wi-Fi / веб-камера / Windows 8.1 / 0.55 кг / док-станция',5899,59,11,6,1),(2,'Ноутбук Asus Transformer Book T100TA 64GB+500GB (T100TA-DK007H)','Экран 10.1\" IPS (1366x768) HD LED, глянцевый Multi-Touch / Intel Atom Z3740 (1.33 ГГц) / RAM 2 ГБ / eMMC 64 ГБ + HDD 500 ГБ (в док-станции) / Intel HD Graphics / без ОД / Bluetooth 4.0 / Wi-Fi / веб-камера / Windows 8.1 / 0.55 кг / док-станция',7649,24,3,2,1),(3,'Ноутбук Asus ZenBook UX32LA (UX32LA-R3004H) Aluminium','Экран 13.3\" (1366x768) HD LED, матовый / Intel Core i7-4500U (1.8 - 3.0 ГГц) / RAM 8 ГБ / HDD 1 ТБ / Intel HD Graphics 4400 / без ОД / Wi-Fi / Bluetooth 4.0 / веб-камера / Windows 8.1 / 1.45 кг / серебристый / сумка',16500,12,3,2,1),(4,'Ноутбук Asus ZenBook UX32LN (UX32LN-R4026H) Aluminium','Экран 13.3\" (1920х1080) Full HD LED, матовый / Intel Core i5-4200U (1.6 - 2.6 ГГц) / RAM 6 ГБ / HDD 1 ТБ / nVidia GeForce GT 840M, 2 ГБ / без ОД / Wi-Fi / Bluetooth 4.0 / веб-камера / Windows 8.1 / 1.45 кг / серебристый + сумка',18370,1,0,0,1),(5,'Ноутбук Asus K551LA (K551LA-XX149D) Silver','Экран 15.6\" (1366x768) HD, глянцевый / Intel Core i7-4500U (1.8 ГГц) / RAM 6 ГБ / HDD 1 ТБ / Intel HD Graphics 4400 / DVD Super Multi / LAN / Wi-Fi / Bluetooth / веб-камера / DOS / 2.4 кг / серебристый',9469,8,2,1,1),(6,'Ноутбук Asus PU401LA (PU401LA-WO091H)','Экран 14\" (1366x768) HD LED, матовый / Intel Core i3-4010U (1.7 ГГц) / RAM 4 ГБ / HDD 500 ГБ / Intel HD Graphics 4400 / без ОД / Wi-Fi / Bluetooth 4.0 / LAN / веб-камера / Windows 8 / сумка + мышь / 1.77 кг',11019,6,2,2,1),(7,'Ноутбук Apple MacBook Air 11\" (Z0NY002Y5)','Экран 11.6\" (1366x768) HD LED, глянцевый / Intel Core i7 (1.7 ГГц) / RAM 8 ГБ / SSD 256 ГБ / Intel HD Graphics 5000 / без ОД / Wi-Fi / Bluetooth 4.0 / веб-камера / Mac OS X 10.8 (Mountain Lion) / 1.08 кг / алюминий',27599,9,4,2,1),(8,'Ноутбук Apple MacBook Air 13\" (Z0NZ002H6)','Экран 13.3\" (1440x900) HD LED, глянцевый / Intel Core i7 (1.7 ГГц) / RAM 8 ГБ / SSD 128 ГБ / Intel HD Graphics 5000 / без ОД / Wi-Fi / Bluetooth 4.0 / веб-камера / Mac OS X Mavericks / 1.35 кг / алюминий',24099,24,3,3,1),(9,'Ноутбук Apple MacBook Pro Retina 13\" (MGX92UA/A)','Экран 13.3\" IPS (2560x1600) Retina LED, глянцевый / Intel Core i5 (2.6 ГГц) / RAM 8 ГБ / SSD 512 ГБ / Intel Iris Graphics / без ОД / Wi-Fi / Bluetooth / веб-камера / Mac OS X (Mavericks) / 1.62 кг',33499,2,0,0,1),(10,'Ноутбук Apple MacBook Pro Retina 15\" (MGXC2UA/A)','Экран 15.4\" IPS (2880x1800) Retina LED, глянцевый / Intel Core i7 (2.5 ГГц) / RAM 16 ГБ / SSD 512 ГБ / Intel Iris Pro Graphics + nVidia GeForce GT 750M, 2 ГБ / без ОД / Wi-Fi / Bluetooth / веб-камера / Mac OS X 10.9 (Mavericks) / 2.02 кг',45599,1,0,0,1),(11,'Ноутбук Dell Inspiron 3531 (I35C45NIW-24)','Экран 15.6\" (1366x768) HD LED, глянцевый / Intel Celeron N2830U (2.16 ГГц) / RAM 4 ГБ / HDD 500 ГБ / Intel HD Graphics / Без ОД / Wi-Fi 802.11b/g/n / веб-камера HD / Windows 8.1 / 2.12 кг / черный',4,10,2,2,0),(12,'Ноутбук Dell Inspiron 3531 (I35C45NIW-24)','Экран 15.6\" (1366x768) HD LED, глянцевый / Intel Celeron N2830U (2.16 ГГц) / RAM 4 ГБ / HDD 500 ГБ / Intel HD Graphics / Без ОД / Wi-Fi 802.11b/g/n / веб-камера HD / Windows 8.1 / 2.12 кг / черный',4677,8,0,0,1),(13,'Apple iPhone 5c 16GB Yellow','Экран Retina 4\" (1136x640), емкостный Multi-Touch / моноблок / двухъядерный Apple A6 (1.3 ГГц) / ОЗУ 1 ГБ / основная камера 8 Мп, фронтальная 1.2 Мп / Bluetooth 4.0 / Wi-Fi 802.11a/b/g/n / A-GPS / GLONASS / 16 ГБ встроенной памяти / разъем 3.5 мм / LTE / iOS 7 / 124.4 x 59.2 x 8.97 мм, 132 г / желтый',5999,15,5,2,0),(14,'Apple iPhone 5c 16GB Yellow','Экран Retina 4\" (1136x640), емкостный Multi-Touch / моноблок / двухъядерный Apple A6 (1.3 ГГц) / ОЗУ 1 ГБ / основная камера 8 Мп, фронтальная 1.2 Мп / Bluetooth 4.0 / Wi-Fi 802.11a/b/g/n / A-GPS / GLONASS / 16 ГБ встроенной памяти / разъем 3.5 мм / LTE / iOS 7 / 124.4 x 59.2 x 8.97 мм, 132 г / желтый',5999,3,1,1,1),(15,'Apple iPhone 5s 32GB Gold','Экран Retina 4\" (1136x640), емкостный Multi-Touch / моноблок / двухъядерный Apple A7 (1.3 ГГц) / ОЗУ 1 ГБ / основная камера 8 Мп, фронтальная 1.2 Мп / Bluetooth 4.0 / Wi-Fi 802.11a/b/g/n / A-GPS / GLONASS / 32 ГБ встроенной памяти / разъем 3.5 мм / LTE / iOS 7 / 123.8 x 58.6 x 7.6 мм, 112 г / золотой',10999,1,0,0,1),(16,'Apple iPhone 4s 8GB White','Экран 3.5\" Retina (960x640, сенсорный емкостный, Multi‑Touch) / моноблок / Apple A5 (1 ГГц) / камера 8 Мп + фронтальная 0.3 Мп / Bluetooth 4.0 / Wi-Fi 802.11 b/g/n / 512 МБ оперативной памяти / 8 ГБ встроенной памяти / 3G / GPS / GLONASS / разъем 3.5 мм / iOS 7 / 115.2 x 58.6 x 9.3 мм, 140 г / белый',4999,13,2,1,0),(17,'Apple iPhone 7 128GB White','Экран 4.7\" Retina (1920x1080, сенсорный емкостный, Multi‑Touch) / моноблок / Apple A7 (1.5 ГГц) / камера 12 Мп + фронтальная 5 Мп / Bluetooth 4.0 / Wi-Fi 802.11 b/g/n / 8 Гб оперативной памяти / 128 ГБ встроенной памяти / 3G / GPS / GLONASS / разъем 3.5 мм / iOS 9 / 115.2 x 58.6 x 9.3 мм, 120 г / белый',4999,44,8,6,1),(18,'Apple iPhone 6 16GB Space Gray','Экран 4.7\" Retina (1334x750, сенсорный емкостный, Multi‑Touch) / моноблок / Apple A8 / камера 8 Мп + фронтальная 1.2 Мп / Bluetooth 4.0 / Wi-Fi 802.11 a/b/g/n/ac / 1 ГБ оперативной памяти / 16 ГБ встроенной памяти / NFC / 3G / LTE / GPS / GLONASS / разъем 3.5 мм / iOS 8 / 138.1 x 67 x 6.9 мм, 129 г / серый',12999,4,1,1,1),(19,'HTC One M8 Dual Sim Metal Grey','Экран 5.0\" (1920x1080), сенсорный, емкостный / моноблок / процессор 2.3 ГГц / камера 4 UltraPixel + фронтальная 5 Мп / Bluetooth 4.0 / Wi-Fi 802.11 a/b/g/n/ac / RAM 2 ГБ / 16 ГБ встроенной памяти + поддержка microSD / разъем 3.5 мм / поддержка 2-х СИМ-карт / 3G / GPS / ОС Android 4.4.2 (KitKat) / 146.36 x 70.6 x 9.35 мм, 160 г / серый',10099,3,1,1,1),(20,'HTC One mini 2 Grey','Экран 4.5\" (1280х720, сенсорный) / моноблок / Qualcomm Snapdragon 400 (1.2 ГГц) / камера основная 13 Мп + фронтальная 5 Мп / Bluetooth 4.0 / Wi-Fi 802.11 a/b/g/n / RAM 1 ГБ / 16 ГБ встроенной памяти + поддержка карт памяти microSD / разъем 3.5 мм / GPS / ГЛОНАСС / OC Android 4.4.2 (KitKat) / 137.43 x 65.04 x 10.6 мм, 137 г / серый',6699,4,1,1,1),(21,'Huawei Ascend G630-U10 DualSim White','Экран 5\" IPS (1280x720, сенсорный емкостный, Multi-Touch) / моноблок / Qualcomm MSM 8212 (1.2 ГГц) / камера 8 Мп + фронтальная 1 Мп / Bluetooth 4.0 / Wi-Fi 802.11 b/g/n / 1 ГБ оперативной памяти / 4 ГБ встроенной памяти + поддержка microSD / разъем 3.5 мм / поддержка 2-х SIM-карт / 3G / GPS / OC Android 4.3 / 143 x 71.7 x 7.8 мм, 165 г / белый',2999,6,2,1,1),(22,'Huawei Ascend G730-U10 DualSim Black','Экран 5.5\" IPS (540x960, сенсорный емкостный, Multi-Touch) / моноблок / Cortex-A7 (1.3 ГГц) / камера 5 Мп + фронтальная 0.3 Мп / Bluetooth 4.0 / Wi-Fi 802.11 b/g/n / 1 ГБ оперативной памяти / 4 ГБ встроенной памяти + поддержка microSD / поддержка 2-х SIM-карт / разъем 3.5 мм / 3G / GPS / OC Android 4.2 / 149.5 x 78 x 9.6 мм, 180 г / черный',2849,12,4,2,1),(23,'Huawei Honor 3C H30-U10','Экран 5\" IPS (1280x720) емкостный, Multi-Touch / моноблок / MediaTek MT6582 (1.3 ГГц) / основная камера 8 Мп, фронтальная 5 Мп / Bluetooth 4.0 / Wi-Fi 802.11 b/g/n / ОЗУ 2 ГБ / 8 ГБ встроенной памяти + поддержка microSD / поддержка 2-х SIM-карт / 3G / GPS / разъем 3.5 мм / OC Android 4.2 (Jelly Bean) / 139.5 x 71.4 x 9.2 мм, 140 г / серый',3099,1,0,0,1),(24,'Huawei Ascend P7 Black','Экран 5\" IPS (1920x1080, сенсорный емкостный, Multi-Touch) / моноблок / Hisilicon Kirin 910T (1.8 ГГц) / камера 13 Мп + фронтальная 8 Мп / Bluetooth 4.0 / Wi-Fi 802.11 b/g/n / 2 ГБ оперативной памяти / 16 ГБ встроенной памяти + поддержка microSD / разъем 3.5 мм / NFC / 3G / LTE / GPS / ГЛОНАСС / OC Android 4.4.2 / 139.8 x 68.8 x 6.5 мм, 124 г / черный',6999,8,2,1,1),(25,'Huawei Ascend Y511-U30 DualSim White','Экран 4.5\" (854x480, сенсорный, емкостный) / моноблок / MTK MT6572 Dual-core (1.3 ГГц) / RAM 512 МБ / 4 ГБ встроенной памяти + поддержка microSD / Bluetooth / Wi-Fi / 3G / GPS / основная камера 3 Мп, фронтальная 0.3 Мп / разъем 3.5 мм / OC Android 4.2 (Jelly Bean) / 132.8 x 67.4 х 10.5 мм, 150 г',1459,8,3,3,0),(26,'Huawei Ascend Y511-U30 DualSim White','Экран 4.5\" (854x480, сенсорный, емкостный) / моноблок / MTK MT6572 Dual-core (1.3 ГГц) / RAM 512 МБ / 4 ГБ встроенной памяти + поддержка microSD / Bluetooth / Wi-Fi / 3G / GPS / основная камера 3 Мп, фронтальная 0.3 Мп / разъем 3.5 мм / OC Android 4.2 (Jelly Bean) / 132.8 x 67.4 х 10.5 мм, 150 г',1459,5,1,1,1),(27,'Lenovo A328 White','Экран 4.5\" (854x480, сенсорный емкостный, Multi-Touch) / моноблок / MediaTek MT6582M 1.3 ГГц / основная камера 5 Мп + фронтальная 2 Мп / Bluetooth 4.0 / Wi-Fi 802.11 b/g/n / 1 ГБ оперативной памяти / 4 ГБ встроенной памяти + поддержка microSD / поддержка 2-х СИМ-карт / разъем 3.5 мм / 3G / GPS / ОС Android 4.4 (KitKat) / 68.5 x 132 x 11 мм, 140 г / белый',1799,3,1,1,0),(28,'Lenovo A328 White','Экран 4.5\" (854x480, сенсорный емкостный, Multi-Touch) / моноблок / MediaTek MT6582M 1.3 ГГц / основная камера 5 Мп + фронтальная 2 Мп / Bluetooth 4.0 / Wi-Fi 802.11 b/g/n / 1 ГБ оперативной памяти / 4 ГБ встроенной памяти + поддержка microSD / поддержка 2-х СИМ-карт / разъем 3.5 мм / 3G / GPS / ОС Android 4.4 (KitKat) / 68.5 x 132 x 11 мм, 140 г / белый',1799,14,5,3,1),(29,'Lenovo A680 Black ','Экран 5\" (854x480) сенсорный, емкостный / моноблок / Mediatek MT6582 (1.3 ГГц) / ОЗУ 1 ГБ / основная камера 5 Мп + фронтальная 0.3 Мп / Bluetooth 3.0 / Wi-Fi 802.11 b/g/n / 4 ГБ встроенной памяти + поддержка карт microSD / поддержка 2-х СИМ-карт / разъем 3.5 мм / 3G / A-GPS / OC Android 4.2 / 145 x 73.5 x 10.8 мм, 165 г / черный',1699,8,0,0,1),(30,'Lenovo Vibe Z (K910) Titanium','Экран 5.5\" IPS (1920x1080) емкостный, Multi-Touch / моноблок / Qualcomm Snapdragon 800 (2.2 ГГц) / основная камера 13 Мп + фронтальная 5 Мп / Bluetooth 4.0 / Wi-Fi 802.11 a/b/g/n/ac / ОЗУ 2 ГБ / 16 ГБ встроенной памяти / разъем 3.5 мм / 3G / GPS / ОС Android 4.2.2 / 149 x 77 x 7.9 мм, 147 г / темно-серый',4444,4,2,1,1),(31,' Lenovo S660 Titanium','Экран 4.7\" IPS (960x540, сенсорный емкостный, Multi-Touch) / моноблок / MediaTek MT6582 1.3 ГГц / основная камера 8 Мп + фронтальная 0.3 Мп / Bluetooth 4.0 / Wi-Fi 802.11 a/b/g/n / 1 ГБ оперативной памяти / 8 ГБ встроенной памяти + поддержка microSD / поддержка 2-х СИМ-карт / разъем 3.5 мм / 3G / GPS / ОС Android 4.2 (Jelly Bean) / 138 x 68.8 x 9.95 мм, 151 г / серый',3199,3,1,1,1),(32,'MyPhone 1045 Black','Экран 1.8\" (128х160) / моноблок / поддержка microSD / разъем 3.5 мм / 110 x 51 x 13.5 мм, 300 г / черный',429,5,1,1,1),(33,'MyPhone 1082 Elegant Black','Экран 1.8\" (128х160) / моноблок / поддержка microSD / разъем 3.5 мм / 110 x 51 x 13.5 мм, 300 г / черный',429,11,6,1,1),(34,'LG G2 32GB White','Экран 5.2\" IPS (1920x1080) сенсорный Multi-touch / моноблок / Qualcomm Snapdragon 800 (2.26 ГГц) / ОЗУ 2 ГБ / 32 ГБ встроенной памяти / основная камера 13 Мп + фронтальная 2.1 Мп / Bluetooth / Wi-Fi / NFC / GPS / разъем 3.5 мм / LTE / OC Android 4.2.2 / 138.5 х 70.9 х 9.1 мм, 143 г / белый',5799,5,0,0,1);
/*!40000 ALTER TABLE `js_products` ENABLE KEYS */;
UNLOCK TABLES;

--
-- Table structure for table `js_products_relationships`
--

DROP TABLE IF EXISTS `js_products_relationships`;
/*!40101 SET @saved_cs_client     = @@character_set_client */;
/*!40101 SET character_set_client = utf8 */;
CREATE TABLE `js_products_relationships` (
  `product_id` int(11) NOT NULL,
  `related_id` int(11) NOT NULL,
  `weight` int(11) NOT NULL,
  `rel_type` int(11) NOT NULL
) ENGINE=InnoDB DEFAULT CHARSET=utf8;
/*!40101 SET character_set_client = @saved_cs_client */;

--
-- Dumping data for table `js_products_relationships`
--

LOCK TABLES `js_products_relationships` WRITE;
/*!40000 ALTER TABLE `js_products_relationships` DISABLE KEYS */;
INSERT INTO `js_products_relationships` VALUES (1,16,76,1),(1,3,107,1),(1,17,74,1),(1,2,69,1),(1,25,48,1),(1,30,48,1),(1,13,135,1),(16,3,47,1),(16,17,46,1),(16,2,40,1),(16,25,34,1),(16,30,35,1),(16,13,35,1),(3,17,47,1),(3,2,41,1),(3,25,35,1),(3,30,35,1),(3,13,68,1),(17,2,41,1),(17,25,34,1),(17,30,34,1),(17,13,34,1),(2,25,35,1),(2,30,35,1),(2,13,35,1),(25,30,47,1),(25,13,47,1),(30,13,47,1),(1,16,76,2),(1,3,109,2),(1,17,79,2),(1,2,71,2),(16,1,133,2),(16,3,47,2),(16,17,47,2),(16,2,41,2),(3,1,216,2),(3,16,40,2),(3,17,48,2),(3,2,42,2),(17,1,136,2),(17,16,40,2),(17,3,41,2),(17,2,42,2),(2,1,128,2),(2,16,34,2),(2,3,35,2),(2,17,35,2),(1,16,76,3),(1,3,103,3),(1,17,75,3),(16,1,69,3),(16,3,47,3),(16,17,47,3),(3,1,209,3),(3,16,40,3),(3,17,48,3),(17,1,68,3),(17,16,40,3),(17,3,41,3),(25,1,59,2),(25,30,47,2),(25,13,47,2),(1,25,50,2),(1,30,48,2),(1,13,137,2),(30,25,40,2),(30,1,57,2),(30,13,47,2),(13,25,40,2),(13,1,142,2),(13,30,40,2),(25,30,47,3),(25,13,47,3),(30,25,40,3),(30,13,47,3),(13,25,40,3),(13,30,40,3),(1,8,89,1),(1,12,115,1),(1,33,33,1),(1,10,32,1),(1,21,32,1),(1,18,32,1),(1,1,27,1),(1,22,61,1),(1,24,60,1),(1,26,59,1),(1,5,60,1),(1,11,59,1),(8,12,88,1),(8,33,32,1),(8,13,88,1),(8,3,33,1),(8,10,32,1),(8,21,32,1),(8,18,32,1),(8,1,34,1),(8,22,34,1),(8,24,34,1),(8,26,32,1),(8,5,32,1),(8,11,32,1),(8,8,27,1),(12,33,32,1),(12,13,115,1),(12,3,33,1),(12,10,32,1),(12,21,32,1),(12,18,32,1),(12,12,81,1),(12,1,60,1),(12,22,60,1),(12,24,87,1),(12,26,86,1),(12,5,86,1),(12,11,86,1),(12,8,87,1),(33,13,60,1),(33,3,33,1),(33,10,32,1),(33,21,32,1),(33,18,32,1),(33,12,60,1),(33,1,33,1),(33,22,33,1),(33,24,33,1),(33,26,32,1),(33,5,32,1),(33,11,32,1),(33,8,33,1),(13,3,34,1),(13,10,32,1),(13,21,32,1),(13,18,32,1),(13,12,60,1),(13,22,33,1),(13,24,33,1),(13,26,32,1),(13,5,33,1),(13,11,32,1),(13,8,33,1),(13,13,27,1),(3,10,32,1),(3,21,32,1),(3,18,32,1),(3,12,60,1),(3,22,33,1),(3,24,33,1),(3,26,32,1),(3,5,32,1),(3,11,32,1),(3,8,33,1),(10,21,32,1),(10,18,32,1),(10,12,59,1),(10,1,32,1),(10,22,32,1),(10,24,32,1),(10,26,32,1),(10,5,32,1),(10,11,32,1),(10,8,32,1),(10,13,32,1),(21,18,32,1),(21,12,59,1),(21,1,32,1),(21,22,32,1),(21,24,32,1),(21,26,32,1),(21,5,32,1),(21,11,32,1),(21,8,32,1),(21,13,32,1),(18,12,59,1),(18,1,32,1),(18,22,32,1),(18,24,32,1),(18,26,32,1),(18,5,32,1),(18,11,32,1),(18,8,32,1),(18,13,32,1),(22,12,33,1),(22,24,33,1),(22,26,32,1),(22,5,33,1),(22,11,32,1),(22,8,33,1),(22,13,33,1),(24,26,32,1),(24,5,32,1),(24,11,32,1),(24,8,34,1),(24,13,33,1),(26,5,32,1),(26,11,32,1),(26,8,32,1),(26,13,33,1),(5,11,32,1),(5,8,33,1),(5,13,33,1),(11,8,33,1),(11,13,32,1),(1,8,89,2),(1,12,120,2),(1,33,34,2),(8,1,35,2),(8,12,87,2),(8,33,33,2),(8,13,87,2),(8,3,33,2),(12,1,66,2),(12,8,87,2),(12,33,33,2),(12,13,114,2),(12,3,33,2),(33,1,34,2),(33,8,33,2),(33,12,60,2),(33,13,60,2),(33,3,34,2),(13,8,33,2),(13,12,60,2),(13,33,22,2),(13,3,34,2),(3,8,33,2),(3,12,60,2),(3,33,23,2),(3,13,62,2),(8,12,87,3),(8,13,87,3),(8,3,33,3),(12,8,87,3),(12,13,114,3),(12,3,33,3),(13,8,33,3),(13,12,60,3),(13,3,34,3),(3,8,33,3),(3,12,60,3),(3,13,62,3),(18,1,33,2),(18,12,60,2),(18,22,33,2),(18,24,33,2),(1,18,33,2),(1,22,62,2),(1,24,61,2),(12,18,33,2),(12,22,60,2),(12,24,87,2),(22,18,22,2),(22,1,68,2),(22,12,33,2),(22,24,33,2),(24,18,22,2),(24,1,67,2),(24,12,22,2),(24,22,22,2),(18,12,60,3),(18,1,33,3),(18,22,33,3),(18,24,33,3),(12,18,33,3),(12,1,60,3),(12,22,60,3),(12,24,87,3),(1,18,33,3),(1,12,114,3),(1,22,62,3),(1,24,60,3),(22,18,22,3),(22,12,33,3),(22,1,35,3),(22,24,33,3),(24,18,22,3),(24,12,22,3),(24,1,33,3),(24,22,22,3),(13,1,5,1),(3,1,5,1),(11,6,1,1),(11,17,1,1),(11,24,0,1),(6,17,1,1),(6,24,0,1),(17,24,1,1),(11,1,1,2),(11,6,1,2),(11,17,1,2),(11,24,0,2),(1,11,1,2),(1,6,1,2),(6,11,1,2),(6,1,1,2),(6,17,1,2),(6,24,0,2),(17,11,1,2),(17,6,1,2),(17,24,0,2),(24,11,0,2),(24,6,0,2),(24,17,0,2),(11,6,1,3),(11,17,1,3),(11,24,0,3),(6,11,1,3),(6,17,1,3),(6,24,0,3),(17,11,1,3),(17,6,1,3),(17,24,0,3),(24,11,0,3),(24,6,0,3),(24,17,0,3),(13,7,0,1),(13,25,0,1),(13,19,0,1),(13,31,0,1),(13,2,1,1),(13,14,0,1),(13,33,0,1),(13,20,0,1),(13,34,0,1),(13,16,0,1),(13,30,0,1),(13,28,1,1),(1,7,0,1),(1,19,0,1),(1,31,0,1),(1,14,0,1),(1,20,0,1),(1,34,0,1),(1,28,0,1),(22,7,0,1),(22,25,0,1),(22,19,0,1),(22,31,0,1),(22,2,0,1),(22,1,1,1),(22,14,0,1),(22,33,0,1),(22,3,0,1),(22,20,0,1),(22,34,0,1),(22,16,0,1),(22,30,0,1),(22,28,0,1),(7,5,0,1),(7,25,0,1),(7,19,0,1),(7,31,0,1),(7,2,0,1),(7,1,0,1),(7,14,0,1),(7,33,0,1),(7,3,0,1),(7,20,0,1),(7,12,0,1),(7,22,0,1),(7,34,0,1),(7,8,0,1),(7,24,0,1),(7,16,0,1),(7,30,0,1),(7,13,0,1),(7,28,0,1),(5,25,0,1),(5,19,0,1),(5,7,0,1),(5,31,0,1),(5,2,0,1),(5,1,0,1),(5,14,0,1),(5,33,0,1),(5,3,0,1),(5,20,0,1),(5,12,0,1),(5,22,0,1),(5,34,0,1),(5,24,0,1),(5,16,0,1),(5,30,0,1),(5,28,0,1),(25,19,0,1),(25,7,0,1),(25,31,0,1),(25,2,0,1),(25,1,1,1),(25,14,0,1),(25,33,0,1),(25,3,0,1),(25,20,0,1),(25,12,0,1),(25,22,1,1),(25,34,0,1),(25,8,1,1),(25,24,1,1),(25,16,1,1),(25,28,0,1),(19,7,0,1),(19,31,0,1),(19,2,0,1),(19,1,0,1),(19,14,0,1),(19,33,0,1),(19,3,0,1),(19,20,0,1),(19,25,0,1),(19,12,0,1),(19,22,0,1),(19,34,0,1),(19,8,0,1),(19,24,0,1),(19,16,0,1),(19,30,0,1),(19,13,0,1),(19,28,0,1),(31,2,0,1),(31,1,0,1),(31,14,0,1),(31,33,0,1),(31,3,0,1),(31,20,0,1),(31,25,0,1),(31,12,0,1),(31,22,0,1),(31,34,0,1),(31,7,0,1),(31,8,0,1),(31,24,0,1),(31,16,0,1),(31,30,0,1),(31,13,0,1),(31,28,0,1),(2,1,0,1),(2,14,0,1),(2,33,0,1),(2,3,0,1),(2,20,0,1),(2,12,0,1),(2,22,0,1),(2,34,0,1),(2,7,0,1),(2,8,0,1),(2,24,0,1),(2,16,0,1),(2,28,0,1),(14,33,0,1),(14,3,0,1),(14,20,0,1),(14,25,0,1),(14,12,0,1),(14,22,0,1),(14,34,0,1),(14,1,0,1),(14,7,0,1),(14,8,0,1),(14,24,0,1),(14,16,0,1),(14,30,0,1),(14,13,0,1),(14,28,0,1),(33,20,0,1),(33,25,0,1),(33,34,0,1),(33,7,0,1),(33,16,0,1),(33,30,0,1),(33,28,0,1),(3,20,0,1),(3,34,0,1),(3,7,0,1),(3,16,0,1),(3,28,0,1),(20,25,0,1),(20,12,0,1),(20,22,0,1),(20,3,0,1),(20,34,0,1),(20,1,0,1),(20,7,0,1),(20,8,0,1),(20,24,0,1),(20,16,0,1),(20,30,0,1),(20,13,0,1),(20,28,0,1),(12,34,0,1),(12,7,0,1),(12,16,0,1),(12,30,0,1),(12,28,0,1),(34,1,0,1),(34,7,0,1),(34,8,0,1),(34,22,0,1),(34,24,0,1),(34,16,0,1),(34,3,0,1),(34,30,0,1),(34,13,0,1),(34,12,0,1),(34,28,0,1),(8,16,1,1),(8,30,0,1),(8,28,0,1),(24,1,1,1),(24,16,1,1),(24,3,0,1),(24,30,0,1),(24,12,0,1),(24,28,0,1),(16,8,1,1),(16,12,0,1),(16,28,0,1),(16,1,1,1),(30,8,0,1),(30,12,0,1),(30,28,0,1),(30,1,0,1),(30,3,0,1),(28,1,0,1),(28,3,1,1),(28,8,0,1),(13,22,0,2),(13,7,0,2),(13,5,0,2),(1,7,2,2),(1,5,0,2),(22,13,0,2),(22,7,0,2),(22,5,0,2),(7,13,0,2),(7,1,2,2),(7,22,0,2),(7,5,0,2),(5,13,0,2),(5,1,0,2),(5,22,0,2),(5,7,0,2),(13,1,0,3),(13,22,0,3),(13,7,0,3),(1,13,0,3),(1,7,1,3),(22,13,0,3),(22,7,0,3),(7,13,0,3),(7,1,1,3),(7,22,0,3),(25,19,0,2),(25,7,0,2),(25,31,0,2),(25,2,0,2),(1,19,0,2),(1,31,0,2),(19,25,0,2),(19,1,0,2),(19,7,0,2),(19,31,0,2),(19,2,0,2),(7,25,0,2),(7,19,0,2),(7,31,0,2),(7,2,0,2),(31,25,0,2),(31,1,0,2),(31,19,0,2),(31,7,0,2),(31,2,0,2),(2,25,0,2),(2,19,0,2),(2,7,0,2),(2,31,0,2),(25,19,0,3),(25,7,0,3),(25,31,0,3),(25,2,0,3),(19,25,0,3),(19,7,0,3),(19,31,0,3),(19,2,0,3),(7,25,0,3),(7,19,0,3),(7,31,0,3),(7,2,0,3),(31,25,0,3),(31,19,0,3),(31,7,0,3),(31,2,0,3),(2,25,0,3),(2,19,0,3),(2,7,0,3),(2,31,0,3),(1,14,0,2),(1,20,0,2),(14,1,0,2),(14,33,0,2),(14,3,0,2),(14,20,0,2),(33,14,0,2),(33,20,0,2),(3,14,0,2),(3,20,0,2),(20,1,0,2),(20,14,0,2),(20,33,0,2),(20,3,0,2),(1,14,0,3),(1,33,0,3),(1,20,0,3),(14,1,0,3),(14,33,0,3),(14,3,0,3),(14,20,0,3),(33,1,0,3),(33,14,0,3),(33,3,0,3),(33,20,0,3),(3,14,0,3),(3,33,0,3),(3,20,0,3),(20,1,0,3),(20,14,0,3),(20,33,0,3),(20,3,0,3),(28,26,0,1),(28,32,0,1),(28,13,0,1),(28,17,1,1),(28,2,0,1),(26,32,0,1),(26,3,0,1),(26,17,0,1),(26,2,0,1),(32,3,0,1),(32,13,0,1),(32,17,0,1),(32,2,0,1),(13,17,1,1),(28,1,1,2),(28,26,0,2),(28,32,0,2),(28,13,1,2),(28,3,0,2),(28,17,1,2),(28,2,0,2),(1,28,1,2),(1,26,0,2),(1,32,0,2),(26,28,0,2),(26,1,0,2),(26,32,0,2),(26,13,0,2),(26,3,0,2),(26,17,0,2),(26,2,0,2),(32,28,0,2),(32,1,0,2),(32,26,0,2),(32,13,0,2),(32,3,0,2),(32,17,0,2),(32,2,0,2),(13,28,1,2),(13,26,0,2),(13,32,0,2),(13,17,1,2),(13,2,0,2),(3,28,0,2),(3,26,0,2),(3,32,0,2),(17,28,1,2),(17,26,0,2),(17,32,0,2),(17,13,1,2),(2,28,0,2),(2,26,0,2),(2,32,0,2),(2,13,0,2),(28,26,0,3),(28,32,0,3),(28,13,1,3),(28,3,0,3),(28,17,1,3),(28,2,0,3),(26,28,0,3),(26,32,0,3),(26,13,0,3),(26,3,0,3),(26,17,0,3),(26,2,0,3),(32,28,0,3),(32,26,0,3),(32,13,0,3),(32,3,0,3),(32,17,0,3),(32,2,0,3),(13,28,1,3),(13,26,0,3),(13,32,0,3),(13,17,1,3),(13,2,0,3),(3,28,0,3),(3,26,0,3),(3,32,0,3),(3,2,0,3),(17,28,1,3),(17,26,0,3),(17,32,0,3),(17,13,1,3),(17,2,0,3),(2,28,0,3),(2,26,0,3),(2,32,0,3),(2,13,0,3),(2,3,0,3),(2,17,0,3),(17,28,0,1),(6,11,0,1),(6,8,0,1),(8,17,1,1),(6,8,0,2),(11,8,0,2),(8,6,0,2),(8,11,0,2),(8,17,0,2),(17,8,0,2),(6,8,0,3),(11,8,0,3),(8,6,0,3),(8,11,0,3),(8,17,0,3),(17,8,0,3),(25,17,0,1),(17,1,0,1),(17,16,0,1),(17,8,0,1),(17,22,0,1),(24,22,0,1),(16,22,0,1),(16,25,0,2),(16,8,0,2),(16,22,0,2),(25,16,0,2),(25,8,0,2),(25,22,0,2),(8,16,0,2),(8,25,0,2),(8,22,0,2),(22,16,0,2),(22,25,0,2),(22,8,0,2),(16,25,0,3),(16,8,0,3),(16,22,0,3),(25,16,0,3),(25,8,0,3),(25,22,0,3),(25,1,0,3),(8,16,0,3),(8,25,0,3),(8,22,0,3),(8,1,0,3),(22,16,0,3),(22,25,0,3),(22,8,0,3),(1,25,0,3),(1,8,0,3);
/*!40000 ALTER TABLE `js_products_relationships` ENABLE KEYS */;
UNLOCK TABLES;

--
-- Table structure for table `js_rel_types`
--

DROP TABLE IF EXISTS `js_rel_types`;
/*!40101 SET @saved_cs_client     = @@character_set_client */;
/*!40101 SET character_set_client = utf8 */;
CREATE TABLE `js_rel_types` (
  `id` int(11) NOT NULL AUTO_INCREMENT,
  `description` varchar(1) NOT NULL,
  PRIMARY KEY (`id`)
) ENGINE=InnoDB AUTO_INCREMENT=4 DEFAULT CHARSET=utf8;
/*!40101 SET character_set_client = @saved_cs_client */;

--
-- Dumping data for table `js_rel_types`
--

LOCK TABLES `js_rel_types` WRITE;
/*!40000 ALTER TABLE `js_rel_types` DISABLE KEYS */;
INSERT INTO `js_rel_types` VALUES (1,'v'),(2,'c'),(3,'b');
/*!40000 ALTER TABLE `js_rel_types` ENABLE KEYS */;
UNLOCK TABLES;
/*!40103 SET TIME_ZONE=@OLD_TIME_ZONE */;

/*!40101 SET SQL_MODE=@OLD_SQL_MODE */;
/*!40014 SET FOREIGN_KEY_CHECKS=@OLD_FOREIGN_KEY_CHECKS */;
/*!40014 SET UNIQUE_CHECKS=@OLD_UNIQUE_CHECKS */;
/*!40101 SET CHARACTER_SET_CLIENT=@OLD_CHARACTER_SET_CLIENT */;
/*!40101 SET CHARACTER_SET_RESULTS=@OLD_CHARACTER_SET_RESULTS */;
/*!40101 SET COLLATION_CONNECTION=@OLD_COLLATION_CONNECTION */;
/*!40111 SET SQL_NOTES=@OLD_SQL_NOTES */;

-- Dump completed on 2014-11-02 23:52:47
